model,n_obs,mae,rmse,directional_accuracy,month
Persistence Benchmark,30,0.013561788776836108,0.01925244217443939,0.8,2024-12
XGBoost,30,0.016381983886995594,0.021267081987180785,0.23333333333333334,2024-12
XGBoost Calibrated,30,0.016381983886995594,0.021267081987180785,0.23333333333333334,2024-12
LightGBM,30,0.016371794180205675,0.021245676719622672,0.26666666666666666,2024-12
Persistence Benchmark,200,0.028433952967893365,0.04052788817733332,0.445,2025-01
XGBoost,200,0.019760555417364795,0.02921557947953662,0.5,2025-01
XGBoost Calibrated,200,0.0197600116690088,0.029214851423876007,0.51,2025-01
LightGBM,200,0.019541377385384574,0.029006774364879237,0.51,2025-01
Persistence Benchmark,190,0.03390386489551853,0.04939585659238852,0.41578947368421054,2025-02
XGBoost,190,0.02444444248114701,0.037646455489059455,0.5052631578947369,2025-02
XGBoost Calibrated,190,0.024444564566354545,0.037646553148268126,0.5,2025-02
LightGBM,190,0.024445205212233933,0.03773278660517657,0.5210526315789473,2025-02
Persistence Benchmark,210,0.03980376966599703,0.05232986229237705,0.44761904761904764,2025-03
XGBoost,210,0.026281512184860415,0.037724465572316894,0.5047619047619047,2025-03
XGBoost Calibrated,210,0.026281723227770257,0.03772520198296062,0.49523809523809526,2025-03
LightGBM,210,0.0259276601982651,0.037334133032414944,0.5523809523809524,2025-03
Persistence Benchmark,210,0.04498115373912869,0.06494903779033681,0.5380952380952381,2025-04
XGBoost,210,0.03406221512575639,0.049474431103010585,0.6142857142857143,2025-04
XGBoost Calibrated,210,0.0340629701501803,0.04947575798975128,0.5952380952380952,2025-04
LightGBM,210,0.03380826048802964,0.04906227595509091,0.5666666666666667,2025-04
Persistence Benchmark,210,0.02486027540389031,0.03331164910213796,0.4857142857142857,2025-05
XGBoost,210,0.01691663564090288,0.024754185541250036,0.5238095238095238,2025-05
XGBoost Calibrated,210,0.016916822108451666,0.024753600679963874,0.5333333333333333,2025-05
LightGBM,210,0.01711836023737863,0.02485034643130971,0.5,2025-05
Persistence Benchmark,200,0.024400692325709586,0.035564563708678984,0.44,2025-06
XGBoost,200,0.016369932895345652,0.02491668404345706,0.575,2025-06
XGBoost Calibrated,200,0.016369932895345652,0.02491668404345706,0.575,2025-06
LightGBM,200,0.016187940923472834,0.02467004355181525,0.585,2025-06
Persistence Benchmark,220,0.02288661569365539,0.033754976384591205,0.45,2025-07
XGBoost,220,0.015113079871590518,0.023496008320850793,0.5,2025-07
XGBoost Calibrated,220,0.015113079871590518,0.023496008320850793,0.5,2025-07
LightGBM,220,0.015170402506313038,0.023617203516894072,0.4954545454545455,2025-07
Persistence Benchmark,210,0.026389692032351794,0.039264953643078214,0.49523809523809526,2025-08
XGBoost,210,0.017751522552285143,0.027574211713945213,0.5,2025-08
XGBoost Calibrated,210,0.01774825872102735,0.027568473379091497,0.5238095238095238,2025-08
LightGBM,210,0.018165958408760743,0.028211185734937205,0.44761904761904764,2025-08
Persistence Benchmark,210,0.023646902053795847,0.03701981918451214,0.5428571428571428,2025-09
XGBoost,210,0.017970276307474754,0.029104283603069336,0.5952380952380952,2025-09
XGBoost Calibrated,210,0.017969759440353783,0.029105195765459398,0.6,2025-09
LightGBM,210,0.018124334546604812,0.02939315133032125,0.5761904761904761,2025-09
Persistence Benchmark,230,0.02602294447431564,0.03800855127302075,0.5043478260869565,2025-10
XGBoost,230,0.01740333839473942,0.024834163988924456,0.5608695652173913,2025-10
XGBoost Calibrated,230,0.017399235131476357,0.024830577681353046,0.5782608695652174,2025-10
LightGBM,230,0.01736719437128517,0.024874642254101943,0.5565217391304348,2025-10
Persistence Benchmark,190,0.028571753809481043,0.03786697109999889,0.5,2025-11
XGBoost,190,0.019602842123239348,0.026604443399983472,0.4789473684210526,2025-11
XGBoost Calibrated,190,0.019603430835981362,0.02660579030926697,0.47368421052631576,2025-11
LightGBM,190,0.01954244948955771,0.02651195959312444,0.5,2025-11
Persistence Benchmark,200,0.018502994283379794,0.027131028262499406,0.52,2025-12
XGBoost,200,0.013280725292870388,0.01961194553534385,0.525,2025-12
XGBoost Calibrated,200,0.013280419989323323,0.019611914337762104,0.53,2025-12
LightGBM,200,0.013345933603375628,0.019738397034965785,0.485,2025-12
