model,n_obs,mae,rmse,directional_accuracy,ticker
Persistence Benchmark,251,0.016644243949805904,0.025590915463627004,0.5219123505976095,AAPL
XGBoost,251,0.01278484504259888,0.020380051625862126,0.5258964143426295,AAPL
XGBoost Calibrated,251,0.012784341099570789,0.02037957285283193,0.5258964143426295,AAPL
LightGBM,251,0.012829889106300039,0.02050455208748637,0.5059760956175299,AAPL
Persistence Benchmark,251,0.02154057560875772,0.029854153881604662,0.46215139442231074,AMZN
XGBoost,251,0.014969653662975414,0.021625720917106333,0.5338645418326693,AMZN
XGBoost Calibrated,251,0.014969653662975414,0.021625720917106333,0.5338645418326693,AMZN
LightGBM,251,0.014908058104549295,0.021427559956959375,0.5219123505976095,AMZN
Persistence Benchmark,251,0.03927401729205765,0.05348933462788455,0.50199203187251,INTC
XGBoost,251,0.027329943538040437,0.04023548751048593,0.50199203187251,INTC
XGBoost Calibrated,251,0.02732901772839513,0.04023478477287381,0.5139442231075697,INTC
LightGBM,251,0.02744432775233871,0.04047857117451553,0.5139442231075697,INTC
Persistence Benchmark,251,0.021913706390202587,0.029668549225288787,0.5139442231075697,NFLX
XGBoost,251,0.01499508791087828,0.02130617029541337,0.5179282868525896,NFLX
XGBoost Calibrated,251,0.01499508791087828,0.02130617029541337,0.5179282868525896,NFLX
LightGBM,251,0.014955236108917674,0.021199876647713237,0.5418326693227091,NFLX
Persistence Benchmark,251,0.04322166871323781,0.056603787050820364,0.4581673306772908,NIO
XGBoost,251,0.030663948184276667,0.03998715902428026,0.46215139442231074,NIO
XGBoost Calibrated,251,0.030659088476236274,0.03998430661399283,0.47808764940239046,NIO
LightGBM,251,0.030673793402291493,0.04011611857537878,0.46613545816733065,NIO
Persistence Benchmark,251,0.03128965664897974,0.04318656391357078,0.4342629482071713,NVDA
XGBoost,251,0.021741586104148065,0.03124949320362207,0.545816733067729,NVDA
XGBoost Calibrated,251,0.021742160206887413,0.03125084487554727,0.5418326693227091,NVDA
LightGBM,251,0.02164636719090206,0.031144193211494836,0.5338645418326693,NVDA
Persistence Benchmark,251,0.04309326320321196,0.05826672172216736,0.5099601593625498,PLTR
XGBoost,251,0.029784836401531973,0.04236408439932272,0.5697211155378487,PLTR
XGBoost Calibrated,251,0.02978452554479433,0.042363760008660184,0.5737051792828686,PLTR
LightGBM,251,0.029768629741720794,0.042433696140042984,0.5059760956175299,PLTR
Persistence Benchmark,251,0.013919901865929308,0.020134099452250354,0.4820717131474104,QQQ
XGBoost,251,0.00942893513767012,0.014859803144423265,0.5657370517928287,QQQ
XGBoost Calibrated,251,0.00942893513767012,0.014859803144423265,0.5657370517928287,QQQ
LightGBM,251,0.009503775657730654,0.014997074755807667,0.549800796812749,QQQ
Persistence Benchmark,251,0.01074984023045271,0.016150718285665066,0.49800796812749004,SPY
XGBoost,251,0.007400130399124923,0.012235352476906223,0.5737051792828686,SPY
XGBoost Calibrated,251,0.007400130399124923,0.012235352476906223,0.5737051792828686,SPY
LightGBM,251,0.007399329261106812,0.012170288704162681,0.5617529880478087,SPY
Persistence Benchmark,251,0.04161311941343118,0.054496178686080546,0.4820717131474104,TSLA
XGBoost,251,0.029293805313847437,0.03990539254936365,0.4940239043824701,TSLA
XGBoost Calibrated,251,0.02929373422316146,0.03990565201542994,0.4940239043824701,TSLA
LightGBM,251,0.029102316274046143,0.039375799114723116,0.5179282868525896,TSLA
